

<feed xmlns="http://www.w3.org/2005/Atom">
  <id>https://forsetisss.github.io/</id>
  <title>Chirpy</title>
  <subtitle>A minimal, portfolio, sidebar, bootstrap Jekyll theme with responsive web design and focuses on text presentation.</subtitle>
  <updated>2021-03-22T18:44:12+08:00</updated>
  <author>
    <name>your_full_name</name>
    <uri>https://forsetisss.github.io/</uri>
  </author>
  <link rel="self" type="application/atom+xml" href="https://forsetisss.github.io/feed.xml"/>
  <link rel="alternate" type="text/html" hreflang="en-US"
    href="https://forsetisss.github.io/"/>
  <generator uri="https://jekyllrb.com/" version="4.2.0">Jekyll</generator>
  <rights> © 2021 your_full_name </rights>
  <icon>/assets/img/favicons/favicon.ico</icon>
  <logo>/assets/img/favicons/favicon-96x96.png</logo>


  
  <entry>
    <title>Getting Started：使用Jekyll创建GitHub Pages站点搭建博客（Windows）</title>
    <link href="https://forsetisss.github.io/posts/getting-started/" rel="alternate" type="text/html" title="Getting Started：使用Jekyll创建GitHub Pages站点搭建博客（Windows）" />
    <published>2021-03-01T17:00:00+08:00</published>
  
    <updated>2021-03-01T17:00:00+08:00</updated>
  
    <id>https://forsetisss.github.io/posts/getting-started/</id>
    <content src="https://forsetisss.github.io/posts/getting-started/" />
    <author>
      <name>your_full_name</name>
    </author>

  
    
    <category term="Blogging" />
    
    <category term="Tutorial" />
    
  

  
    <summary>
      





      一、必要组件的安装

需要首先安装以下内容


  
    Ruby - 是一种面向对象、命令式、函数式、动态的通用编程语言。Windows下直接下载安装即可Ruby installer。注意，如遇报错，可能需要将安装目录（xxx\Ruby27-x64\bin）加入系统环境变量PATH。
  
  
    Bundler - 是一个官方推荐的Ruby gem包管理软件，可以减少Jekyll的编译错误，和环境依赖相关的bug，相关链接Bundler。只需在终端中运行以下两步：

    1.安装bundler

    gem install bundler
    

    2.指定源

    gem sources 'https://rubygems.org'
    
  
  
    Jekyll -相当于一个编译工具，安装好jekyll后，你可以通过jekyll创建...
    </summary>
  

  </entry>

  
  <entry>
    <title>Enable Google Page Views</title>
    <link href="https://forsetisss.github.io/posts/enable-google-pv/" rel="alternate" type="text/html" title="Enable Google Page Views" />
    <published>2021-01-04T07:32:00+08:00</published>
  
    <updated>2021-01-04T07:32:00+08:00</updated>
  
    <id>https://forsetisss.github.io/posts/enable-google-pv/</id>
    <content src="https://forsetisss.github.io/posts/enable-google-pv/" />
    <author>
      <name>your_full_name</name>
    </author>

  
    
    <category term="Blogging" />
    
    <category term="Tutorial" />
    
  

  
    <summary>
      





      This post is to enable Page Views on the Chirpy theme based blog that you just built. This requires technical knowledge and it’s recommended to keep the google_analytics.pv disabled unless you have a good reason. If your website has low traffic, the page views count would discourage you to write more blogs. With that said, let’s start with the setup.

Set up Google Analytics

Create GA account ...
    </summary>
  

  </entry>

  
  <entry>
    <title>Customize the Favicon</title>
    <link href="https://forsetisss.github.io/posts/customize-the-favicon/" rel="alternate" type="text/html" title="Customize the Favicon" />
    <published>2019-08-11T00:34:00+08:00</published>
  
    <updated>2019-08-11T00:34:00+08:00</updated>
  
    <id>https://forsetisss.github.io/posts/customize-the-favicon/</id>
    <content src="https://forsetisss.github.io/posts/customize-the-favicon/" />
    <author>
      <name>your_full_name</name>
    </author>

  
    
    <category term="Blogging" />
    
    <category term="Tutorial" />
    
  

  
    <summary>
      





      In Chirpy, the image files of Favicons are placed in assets/img/favicons/. You may need to replace them with your own. So let’s see how to customize these Favicons.

With a square image (PNG, JPG or GIF) in hand, open the site Favicon &amp;amp; App Icon Generator and upload your original image.



Click button Create Favicon and wait a moment for the website to generate the icons of various sizes a...
    </summary>
  

  </entry>

  
  <entry>
    <title>Writing a New Post</title>
    <link href="https://forsetisss.github.io/posts/write-a-new-post/" rel="alternate" type="text/html" title="Writing a New Post" />
    <published>2019-08-08T14:10:00+08:00</published>
  
    <updated>2019-08-08T14:10:00+08:00</updated>
  
    <id>https://forsetisss.github.io/posts/write-a-new-post/</id>
    <content src="https://forsetisss.github.io/posts/write-a-new-post/" />
    <author>
      <name>your_full_name</name>
    </author>

  
    
    <category term="Blogging" />
    
    <category term="Tutorial" />
    
  

  
    <summary>
      





      Naming and Path

Create a new file named YYYY-MM-DD-TITLE.EXTENSION and put it in the _posts/ of the root directory. Please note that the EXTENSION must be one of md and markdown.

Front Matter

Basically, you need to fill the Front Matter as below at the top of the post:

---
title: TITLE
date: YYYY-MM-DD HH:MM:SS +/-TTTT
categories: [TOP_CATEGORIE, SUB_CATEGORIE]
tags: [TAG]     # TAG names s...
    </summary>
  

  </entry>

  
  <entry>
    <title>Text and Typography</title>
    <link href="https://forsetisss.github.io/posts/text-and-typography/" rel="alternate" type="text/html" title="Text and Typography" />
    <published>2019-08-08T11:33:00+08:00</published>
  
    <updated>2019-08-08T11:33:00+08:00</updated>
  
    <id>https://forsetisss.github.io/posts/text-and-typography/</id>
    <content src="https://forsetisss.github.io/posts/text-and-typography/" />
    <author>
      <name>your_full_name</name>
    </author>

  
    
    <category term="Blogging" />
    
    <category term="Demo" />
    
  

  
    <summary>
      





      This post is to show Markdown syntax rendering on Chirpy, you can also use it as an example of writing. Now, let’s start looking at text and typography.

Titles

H1 - heading

H2 - heading

H3 - heading

H4 - heading



Paragraph

I wandered lonely as a cloud

That floats on high o’er vales and hills,

When all at once I saw a crowd,

A host, of golden daffodils;

Beside the lake, beneath the t...
    </summary>
  

  </entry>

</feed>


